{"cameraMode":{"drawMode":0,"name":"Shaded","section":"Shading Mode"},"sceneLighting":false,"audioPlay":false,"sceneViewState":{"m_AlwaysRefresh":false,"showFog":true,"showSkybox":false,"showFlares":true,"showImageEffects":true,"showParticleSystems":true,"showVisualEffectGraphs":true,"m_FxEnabled":true},"in2DMode":false,"pivot":{"x":60.018653869628909,"y":0.7537928819656372,"z":15.052291870117188},"rotation":{"x":0.3148835599422455,"y":0.0236512441188097,"z":-0.008068391121923924,"w":0.948919415473938},"size":1.3813339471817017,"orthographic":false}