{"cameraMode":{"drawMode":0,"name":"Shaded","section":"Shading Mode"},"sceneLighting":true,"audioPlay":false,"sceneViewState":{"m_AlwaysRefresh":false,"showFog":true,"showSkybox":true,"showFlares":true,"showImageEffects":true,"showParticleSystems":true,"showVisualEffectGraphs":true,"m_FxEnabled":true},"in2DMode":false,"pivot":{"x":48.45448303222656,"y":3.654323101043701,"z":5.102006912231445},"rotation":{"x":0.057833440601825717,"y":0.02853911742568016,"z":-0.0026397262699902059,"w":0.9981074333190918},"size":3.3417446613311769,"orthographic":false}