{"cameraMode":{"drawMode":0,"name":"Shaded","section":"Shading Mode"},"sceneLighting":true,"audioPlay":false,"sceneViewState":{"m_AlwaysRefresh":false,"showFog":true,"showSkybox":true,"showFlares":true,"showImageEffects":true,"showParticleSystems":true,"showVisualEffectGraphs":true,"m_FxEnabled":true},"in2DMode":false,"pivot":{"x":44.944007873535159,"y":1.5540106296539307,"z":6.855573654174805},"rotation":{"x":-0.04056834802031517,"y":-0.5124022364616394,"z":0.024503018707036973,"w":-0.8575825691223145},"size":1.9958044290542603,"orthographic":false}