{"cameraMode":{"drawMode":0,"name":"Shaded","section":"Shading Mode"},"sceneLighting":true,"audioPlay":false,"sceneViewState":{"m_AlwaysRefresh":false,"showFog":true,"showSkybox":true,"showFlares":true,"showImageEffects":true,"showParticleSystems":true,"showVisualEffectGraphs":true,"m_FxEnabled":true},"in2DMode":false,"pivot":{"x":0.24492987990379334,"y":1.6962637901306153,"z":-1.1659471988677979},"rotation":{"x":-0.21223554015159608,"y":-0.01905199885368347,"z":0.0041384329088032249,"w":-0.977027952671051},"size":1.7847124338150025,"orthographic":false}